<application>
  <component name="ProjectJdkTable">
    <jdk version="2">
      <name value="1.8" />
      <type value="JavaSDK" />
      <version value="version 1.8.0_292" />
      <homePath value="/usr/lib/jvm/java-8-openjdk-amd64" />
      <roots>
        <annotationsPath>
          <root type="composite">
            <root url="jar://$APPLICATION_HOME_DIR$/plugins/java/lib/jdkAnnotations.jar!/" type="simple" />
          </root>
        </annotationsPath>
        <classPath>
          <root type="composite">
            <root url="jar:///usr/lib/jvm/java-8-openjdk-amd64/jre/lib/charsets.jar!/" type="simple" />
            <root url="jar:///usr/lib/jvm/java-8-openjdk-amd64/jre/lib/ext/cldrdata.jar!/" type="simple" />
            <root url="jar:///usr/lib/jvm/java-8-openjdk-amd64/jre/lib/ext/dnsns.jar!/" type="simple" />
            <root url="jar:///usr/lib/jvm/java-8-openjdk-amd64/jre/lib/ext/icedtea-sound.jar!/" type="simple" />
            <root url="jar:///usr/lib/jvm/java-8-openjdk-amd64/jre/lib/ext/jaccess.jar!/" type="simple" />
            <root url="jar:///usr/lib/jvm/java-8-openjdk-amd64/jre/lib/ext/java-atk-wrapper.jar!/" type="simple" />
            <root url="jar:///usr/lib/jvm/java-8-openjdk-amd64/jre/lib/ext/localedata.jar!/" type="simple" />
            <root url="jar:///usr/lib/jvm/java-8-openjdk-amd64/jre/lib/ext/nashorn.jar!/" type="simple" />
            <root url="jar:///usr/lib/jvm/java-8-openjdk-amd64/jre/lib/ext/sunec.jar!/" type="simple" />
            <root url="jar:///usr/lib/jvm/java-8-openjdk-amd64/jre/lib/ext/sunjce_provider.jar!/" type="simple" />
            <root url="jar:///usr/lib/jvm/java-8-openjdk-amd64/jre/lib/ext/sunpkcs11.jar!/" type="simple" />
            <root url="jar:///usr/lib/jvm/java-8-openjdk-amd64/jre/lib/ext/zipfs.jar!/" type="simple" />
            <root url="jar:///usr/lib/jvm/java-8-openjdk-amd64/jre/lib/jce.jar!/" type="simple" />
            <root url="jar:///usr/lib/jvm/java-8-openjdk-amd64/jre/lib/jfr.jar!/" type="simple" />
            <root url="jar:///usr/lib/jvm/java-8-openjdk-amd64/jre/lib/jsse.jar!/" type="simple" />
            <root url="jar:///usr/lib/jvm/java-8-openjdk-amd64/jre/lib/management-agent.jar!/" type="simple" />
            <root url="jar:///usr/lib/jvm/java-8-openjdk-amd64/jre/lib/resources.jar!/" type="simple" />
            <root url="jar:///usr/lib/jvm/java-8-openjdk-amd64/jre/lib/rt.jar!/" type="simple" />
          </root>
        </classPath>
        <javadocPath>
          <root type="composite">
            <root url="file:///usr/lib/jvm/java-8-openjdk-amd64/docs/api" type="simple" />
          </root>
        </javadocPath>
        <sourcePath>
          <root type="composite">
            <root url="jar:///usr/lib/jvm/java-8-openjdk-amd64/src.zip!/" type="simple" />
          </root>
        </sourcePath>
      </roots>
      <additional />
    </jdk>
    <jdk version="2">
      <name value="11" />
      <type value="JavaSDK" />
      <version value="version 11.0.13" />
      <homePath value="$APPLICATION_HOME_DIR$/jre" />
      <roots>
        <annotationsPath>
          <root type="composite">
            <root url="jar://$APPLICATION_HOME_DIR$/plugins/java/lib/jdkAnnotations.jar!/" type="simple" />
          </root>
        </annotationsPath>
        <classPath>
          <root type="composite">
            <root url="jrt:///media/code_build_tools/tools/android-studio-2021.3.1.16/jre!/java.base" type="simple" />
            <root url="jrt:///media/code_build_tools/tools/android-studio-2021.3.1.16/jre!/java.compiler" type="simple" />
            <root url="jrt:///media/code_build_tools/tools/android-studio-2021.3.1.16/jre!/java.datatransfer" type="simple" />
            <root url="jrt:///media/code_build_tools/tools/android-studio-2021.3.1.16/jre!/java.desktop" type="simple" />
            <root url="jrt:///media/code_build_tools/tools/android-studio-2021.3.1.16/jre!/java.instrument" type="simple" />
            <root url="jrt:///media/code_build_tools/tools/android-studio-2021.3.1.16/jre!/java.logging" type="simple" />
            <root url="jrt:///media/code_build_tools/tools/android-studio-2021.3.1.16/jre!/java.management" type="simple" />
            <root url="jrt:///media/code_build_tools/tools/android-studio-2021.3.1.16/jre!/java.management.rmi" type="simple" />
            <root url="jrt:///media/code_build_tools/tools/android-studio-2021.3.1.16/jre!/java.naming" type="simple" />
            <root url="jrt:///media/code_build_tools/tools/android-studio-2021.3.1.16/jre!/java.net.http" type="simple" />
            <root url="jrt:///media/code_build_tools/tools/android-studio-2021.3.1.16/jre!/java.prefs" type="simple" />
            <root url="jrt:///media/code_build_tools/tools/android-studio-2021.3.1.16/jre!/java.rmi" type="simple" />
            <root url="jrt:///media/code_build_tools/tools/android-studio-2021.3.1.16/jre!/java.scripting" type="simple" />
            <root url="jrt:///media/code_build_tools/tools/android-studio-2021.3.1.16/jre!/java.se" type="simple" />
            <root url="jrt:///media/code_build_tools/tools/android-studio-2021.3.1.16/jre!/java.security.jgss" type="simple" />
            <root url="jrt:///media/code_build_tools/tools/android-studio-2021.3.1.16/jre!/java.security.sasl" type="simple" />
            <root url="jrt:///media/code_build_tools/tools/android-studio-2021.3.1.16/jre!/java.smartcardio" type="simple" />
            <root url="jrt:///media/code_build_tools/tools/android-studio-2021.3.1.16/jre!/java.sql" type="simple" />
            <root url="jrt:///media/code_build_tools/tools/android-studio-2021.3.1.16/jre!/java.sql.rowset" type="simple" />
            <root url="jrt:///media/code_build_tools/tools/android-studio-2021.3.1.16/jre!/java.transaction.xa" type="simple" />
            <root url="jrt:///media/code_build_tools/tools/android-studio-2021.3.1.16/jre!/java.xml" type="simple" />
            <root url="jrt:///media/code_build_tools/tools/android-studio-2021.3.1.16/jre!/java.xml.crypto" type="simple" />
            <root url="jrt:///media/code_build_tools/tools/android-studio-2021.3.1.16/jre!/jdk.accessibility" type="simple" />
            <root url="jrt:///media/code_build_tools/tools/android-studio-2021.3.1.16/jre!/jdk.aot" type="simple" />
            <root url="jrt:///media/code_build_tools/tools/android-studio-2021.3.1.16/jre!/jdk.attach" type="simple" />
            <root url="jrt:///media/code_build_tools/tools/android-studio-2021.3.1.16/jre!/jdk.charsets" type="simple" />
            <root url="jrt:///media/code_build_tools/tools/android-studio-2021.3.1.16/jre!/jdk.compiler" type="simple" />
            <root url="jrt:///media/code_build_tools/tools/android-studio-2021.3.1.16/jre!/jdk.crypto.cryptoki" type="simple" />
            <root url="jrt:///media/code_build_tools/tools/android-studio-2021.3.1.16/jre!/jdk.crypto.ec" type="simple" />
            <root url="jrt:///media/code_build_tools/tools/android-studio-2021.3.1.16/jre!/jdk.dynalink" type="simple" />
            <root url="jrt:///media/code_build_tools/tools/android-studio-2021.3.1.16/jre!/jdk.hotspot.agent" type="simple" />
            <root url="jrt:///media/code_build_tools/tools/android-studio-2021.3.1.16/jre!/jdk.httpserver" type="simple" />
            <root url="jrt:///media/code_build_tools/tools/android-studio-2021.3.1.16/jre!/jdk.internal.ed" type="simple" />
            <root url="jrt:///media/code_build_tools/tools/android-studio-2021.3.1.16/jre!/jdk.internal.jvmstat" type="simple" />
            <root url="jrt:///media/code_build_tools/tools/android-studio-2021.3.1.16/jre!/jdk.internal.le" type="simple" />
            <root url="jrt:///media/code_build_tools/tools/android-studio-2021.3.1.16/jre!/jdk.internal.opt" type="simple" />
            <root url="jrt:///media/code_build_tools/tools/android-studio-2021.3.1.16/jre!/jdk.internal.vm.ci" type="simple" />
            <root url="jrt:///media/code_build_tools/tools/android-studio-2021.3.1.16/jre!/jdk.internal.vm.compiler" type="simple" />
            <root url="jrt:///media/code_build_tools/tools/android-studio-2021.3.1.16/jre!/jdk.internal.vm.compiler.management" type="simple" />
            <root url="jrt:///media/code_build_tools/tools/android-studio-2021.3.1.16/jre!/jdk.jartool" type="simple" />
            <root url="jrt:///media/code_build_tools/tools/android-studio-2021.3.1.16/jre!/jdk.javadoc" type="simple" />
            <root url="jrt:///media/code_build_tools/tools/android-studio-2021.3.1.16/jre!/jdk.jdeps" type="simple" />
            <root url="jrt:///media/code_build_tools/tools/android-studio-2021.3.1.16/jre!/jdk.jdi" type="simple" />
            <root url="jrt:///media/code_build_tools/tools/android-studio-2021.3.1.16/jre!/jdk.jdwp.agent" type="simple" />
            <root url="jrt:///media/code_build_tools/tools/android-studio-2021.3.1.16/jre!/jdk.jfr" type="simple" />
            <root url="jrt:///media/code_build_tools/tools/android-studio-2021.3.1.16/jre!/jdk.jlink" type="simple" />
            <root url="jrt:///media/code_build_tools/tools/android-studio-2021.3.1.16/jre!/jdk.jsobject" type="simple" />
            <root url="jrt:///media/code_build_tools/tools/android-studio-2021.3.1.16/jre!/jdk.localedata" type="simple" />
            <root url="jrt:///media/code_build_tools/tools/android-studio-2021.3.1.16/jre!/jdk.management" type="simple" />
            <root url="jrt:///media/code_build_tools/tools/android-studio-2021.3.1.16/jre!/jdk.management.agent" type="simple" />
            <root url="jrt:///media/code_build_tools/tools/android-studio-2021.3.1.16/jre!/jdk.management.jfr" type="simple" />
            <root url="jrt:///media/code_build_tools/tools/android-studio-2021.3.1.16/jre!/jdk.naming.dns" type="simple" />
            <root url="jrt:///media/code_build_tools/tools/android-studio-2021.3.1.16/jre!/jdk.naming.rmi" type="simple" />
            <root url="jrt:///media/code_build_tools/tools/android-studio-2021.3.1.16/jre!/jdk.net" type="simple" />
            <root url="jrt:///media/code_build_tools/tools/android-studio-2021.3.1.16/jre!/jdk.pack" type="simple" />
            <root url="jrt:///media/code_build_tools/tools/android-studio-2021.3.1.16/jre!/jdk.scripting.nashorn" type="simple" />
            <root url="jrt:///media/code_build_tools/tools/android-studio-2021.3.1.16/jre!/jdk.scripting.nashorn.shell" type="simple" />
            <root url="jrt:///media/code_build_tools/tools/android-studio-2021.3.1.16/jre!/jdk.sctp" type="simple" />
            <root url="jrt:///media/code_build_tools/tools/android-studio-2021.3.1.16/jre!/jdk.security.auth" type="simple" />
            <root url="jrt:///media/code_build_tools/tools/android-studio-2021.3.1.16/jre!/jdk.security.jgss" type="simple" />
            <root url="jrt:///media/code_build_tools/tools/android-studio-2021.3.1.16/jre!/jdk.unsupported" type="simple" />
            <root url="jrt:///media/code_build_tools/tools/android-studio-2021.3.1.16/jre!/jdk.xml.dom" type="simple" />
            <root url="jrt:///media/code_build_tools/tools/android-studio-2021.3.1.16/jre!/jdk.zipfs" type="simple" />
          </root>
        </classPath>
        <javadocPath>
          <root type="composite" />
        </javadocPath>
        <sourcePath>
          <root type="composite" />
        </sourcePath>
      </roots>
      <additional />
    </jdk>
    <jdk version="2">
      <name value="Embedded JDK" />
      <type value="JavaSDK" />
      <version value="version 11.0.13" />
      <homePath value="$APPLICATION_HOME_DIR$/jre" />
      <roots>
        <annotationsPath>
          <root type="composite">
            <root url="jar://$APPLICATION_HOME_DIR$/plugins/java/lib/jdkAnnotations.jar!/" type="simple" />
          </root>
        </annotationsPath>
        <classPath>
          <root type="composite">
            <root url="jrt:///media/xian/data_old1/tools/linux/android-studio/jre!/java.base" type="simple" />
            <root url="jrt:///media/xian/data_old1/tools/linux/android-studio/jre!/java.compiler" type="simple" />
            <root url="jrt:///media/xian/data_old1/tools/linux/android-studio/jre!/java.datatransfer" type="simple" />
            <root url="jrt:///media/xian/data_old1/tools/linux/android-studio/jre!/java.desktop" type="simple" />
            <root url="jrt:///media/xian/data_old1/tools/linux/android-studio/jre!/java.instrument" type="simple" />
            <root url="jrt:///media/xian/data_old1/tools/linux/android-studio/jre!/java.logging" type="simple" />
            <root url="jrt:///media/xian/data_old1/tools/linux/android-studio/jre!/java.management" type="simple" />
            <root url="jrt:///media/xian/data_old1/tools/linux/android-studio/jre!/java.management.rmi" type="simple" />
            <root url="jrt:///media/xian/data_old1/tools/linux/android-studio/jre!/java.naming" type="simple" />
            <root url="jrt:///media/xian/data_old1/tools/linux/android-studio/jre!/java.net.http" type="simple" />
            <root url="jrt:///media/xian/data_old1/tools/linux/android-studio/jre!/java.prefs" type="simple" />
            <root url="jrt:///media/xian/data_old1/tools/linux/android-studio/jre!/java.rmi" type="simple" />
            <root url="jrt:///media/xian/data_old1/tools/linux/android-studio/jre!/java.scripting" type="simple" />
            <root url="jrt:///media/xian/data_old1/tools/linux/android-studio/jre!/java.se" type="simple" />
            <root url="jrt:///media/xian/data_old1/tools/linux/android-studio/jre!/java.security.jgss" type="simple" />
            <root url="jrt:///media/xian/data_old1/tools/linux/android-studio/jre!/java.security.sasl" type="simple" />
            <root url="jrt:///media/xian/data_old1/tools/linux/android-studio/jre!/java.smartcardio" type="simple" />
            <root url="jrt:///media/xian/data_old1/tools/linux/android-studio/jre!/java.sql" type="simple" />
            <root url="jrt:///media/xian/data_old1/tools/linux/android-studio/jre!/java.sql.rowset" type="simple" />
            <root url="jrt:///media/xian/data_old1/tools/linux/android-studio/jre!/java.transaction.xa" type="simple" />
            <root url="jrt:///media/xian/data_old1/tools/linux/android-studio/jre!/java.xml" type="simple" />
            <root url="jrt:///media/xian/data_old1/tools/linux/android-studio/jre!/java.xml.crypto" type="simple" />
            <root url="jrt:///media/xian/data_old1/tools/linux/android-studio/jre!/jdk.accessibility" type="simple" />
            <root url="jrt:///media/xian/data_old1/tools/linux/android-studio/jre!/jdk.aot" type="simple" />
            <root url="jrt:///media/xian/data_old1/tools/linux/android-studio/jre!/jdk.attach" type="simple" />
            <root url="jrt:///media/xian/data_old1/tools/linux/android-studio/jre!/jdk.charsets" type="simple" />
            <root url="jrt:///media/xian/data_old1/tools/linux/android-studio/jre!/jdk.compiler" type="simple" />
            <root url="jrt:///media/xian/data_old1/tools/linux/android-studio/jre!/jdk.crypto.cryptoki" type="simple" />
            <root url="jrt:///media/xian/data_old1/tools/linux/android-studio/jre!/jdk.crypto.ec" type="simple" />
            <root url="jrt:///media/xian/data_old1/tools/linux/android-studio/jre!/jdk.dynalink" type="simple" />
            <root url="jrt:///media/xian/data_old1/tools/linux/android-studio/jre!/jdk.hotspot.agent" type="simple" />
            <root url="jrt:///media/xian/data_old1/tools/linux/android-studio/jre!/jdk.httpserver" type="simple" />
            <root url="jrt:///media/xian/data_old1/tools/linux/android-studio/jre!/jdk.internal.ed" type="simple" />
            <root url="jrt:///media/xian/data_old1/tools/linux/android-studio/jre!/jdk.internal.jvmstat" type="simple" />
            <root url="jrt:///media/xian/data_old1/tools/linux/android-studio/jre!/jdk.internal.le" type="simple" />
            <root url="jrt:///media/xian/data_old1/tools/linux/android-studio/jre!/jdk.internal.opt" type="simple" />
            <root url="jrt:///media/xian/data_old1/tools/linux/android-studio/jre!/jdk.internal.vm.ci" type="simple" />
            <root url="jrt:///media/xian/data_old1/tools/linux/android-studio/jre!/jdk.internal.vm.compiler" type="simple" />
            <root url="jrt:///media/xian/data_old1/tools/linux/android-studio/jre!/jdk.internal.vm.compiler.management" type="simple" />
            <root url="jrt:///media/xian/data_old1/tools/linux/android-studio/jre!/jdk.jartool" type="simple" />
            <root url="jrt:///media/xian/data_old1/tools/linux/android-studio/jre!/jdk.javadoc" type="simple" />
            <root url="jrt:///media/xian/data_old1/tools/linux/android-studio/jre!/jdk.jdeps" type="simple" />
            <root url="jrt:///media/xian/data_old1/tools/linux/android-studio/jre!/jdk.jdi" type="simple" />
            <root url="jrt:///media/xian/data_old1/tools/linux/android-studio/jre!/jdk.jdwp.agent" type="simple" />
            <root url="jrt:///media/xian/data_old1/tools/linux/android-studio/jre!/jdk.jfr" type="simple" />
            <root url="jrt:///media/xian/data_old1/tools/linux/android-studio/jre!/jdk.jlink" type="simple" />
            <root url="jrt:///media/xian/data_old1/tools/linux/android-studio/jre!/jdk.jsobject" type="simple" />
            <root url="jrt:///media/xian/data_old1/tools/linux/android-studio/jre!/jdk.localedata" type="simple" />
            <root url="jrt:///media/xian/data_old1/tools/linux/android-studio/jre!/jdk.management" type="simple" />
            <root url="jrt:///media/xian/data_old1/tools/linux/android-studio/jre!/jdk.management.agent" type="simple" />
            <root url="jrt:///media/xian/data_old1/tools/linux/android-studio/jre!/jdk.management.jfr" type="simple" />
            <root url="jrt:///media/xian/data_old1/tools/linux/android-studio/jre!/jdk.naming.dns" type="simple" />
            <root url="jrt:///media/xian/data_old1/tools/linux/android-studio/jre!/jdk.naming.rmi" type="simple" />
            <root url="jrt:///media/xian/data_old1/tools/linux/android-studio/jre!/jdk.net" type="simple" />
            <root url="jrt:///media/xian/data_old1/tools/linux/android-studio/jre!/jdk.pack" type="simple" />
            <root url="jrt:///media/xian/data_old1/tools/linux/android-studio/jre!/jdk.scripting.nashorn" type="simple" />
            <root url="jrt:///media/xian/data_old1/tools/linux/android-studio/jre!/jdk.scripting.nashorn.shell" type="simple" />
            <root url="jrt:///media/xian/data_old1/tools/linux/android-studio/jre!/jdk.sctp" type="simple" />
            <root url="jrt:///media/xian/data_old1/tools/linux/android-studio/jre!/jdk.security.auth" type="simple" />
            <root url="jrt:///media/xian/data_old1/tools/linux/android-studio/jre!/jdk.security.jgss" type="simple" />
            <root url="jrt:///media/xian/data_old1/tools/linux/android-studio/jre!/jdk.unsupported" type="simple" />
            <root url="jrt:///media/xian/data_old1/tools/linux/android-studio/jre!/jdk.xml.dom" type="simple" />
            <root url="jrt:///media/xian/data_old1/tools/linux/android-studio/jre!/jdk.zipfs" type="simple" />
          </root>
        </classPath>
        <javadocPath>
          <root type="composite" />
        </javadocPath>
        <sourcePath>
          <root type="composite" />
        </sourcePath>
      </roots>
      <additional />
    </jdk>
    <jdk version="2">
      <name value="JDK" />
      <type value="JavaSDK" />
      <version value="version 1.8.0_292" />
      <homePath value="/usr/lib/jvm/java-1.8.0-openjdk-amd64" />
      <roots>
        <annotationsPath>
          <root type="composite">
            <root url="jar://$APPLICATION_HOME_DIR$/plugins/java/lib/jdkAnnotations.jar!/" type="simple" />
          </root>
        </annotationsPath>
        <classPath>
          <root type="composite">
            <root url="jar:///usr/lib/jvm/java-1.8.0-openjdk-amd64/jre/lib/charsets.jar!/" type="simple" />
            <root url="jar:///usr/lib/jvm/java-1.8.0-openjdk-amd64/jre/lib/ext/cldrdata.jar!/" type="simple" />
            <root url="jar:///usr/lib/jvm/java-1.8.0-openjdk-amd64/jre/lib/ext/dnsns.jar!/" type="simple" />
            <root url="jar:///usr/lib/jvm/java-1.8.0-openjdk-amd64/jre/lib/ext/icedtea-sound.jar!/" type="simple" />
            <root url="jar:///usr/lib/jvm/java-1.8.0-openjdk-amd64/jre/lib/ext/jaccess.jar!/" type="simple" />
            <root url="jar:///usr/lib/jvm/java-1.8.0-openjdk-amd64/jre/lib/ext/java-atk-wrapper.jar!/" type="simple" />
            <root url="jar:///usr/lib/jvm/java-1.8.0-openjdk-amd64/jre/lib/ext/localedata.jar!/" type="simple" />
            <root url="jar:///usr/lib/jvm/java-1.8.0-openjdk-amd64/jre/lib/ext/nashorn.jar!/" type="simple" />
            <root url="jar:///usr/lib/jvm/java-1.8.0-openjdk-amd64/jre/lib/ext/sunec.jar!/" type="simple" />
            <root url="jar:///usr/lib/jvm/java-1.8.0-openjdk-amd64/jre/lib/ext/sunjce_provider.jar!/" type="simple" />
            <root url="jar:///usr/lib/jvm/java-1.8.0-openjdk-amd64/jre/lib/ext/sunpkcs11.jar!/" type="simple" />
            <root url="jar:///usr/lib/jvm/java-1.8.0-openjdk-amd64/jre/lib/ext/zipfs.jar!/" type="simple" />
            <root url="jar:///usr/lib/jvm/java-1.8.0-openjdk-amd64/jre/lib/jce.jar!/" type="simple" />
            <root url="jar:///usr/lib/jvm/java-1.8.0-openjdk-amd64/jre/lib/jfr.jar!/" type="simple" />
            <root url="jar:///usr/lib/jvm/java-1.8.0-openjdk-amd64/jre/lib/jsse.jar!/" type="simple" />
            <root url="jar:///usr/lib/jvm/java-1.8.0-openjdk-amd64/jre/lib/management-agent.jar!/" type="simple" />
            <root url="jar:///usr/lib/jvm/java-1.8.0-openjdk-amd64/jre/lib/resources.jar!/" type="simple" />
            <root url="jar:///usr/lib/jvm/java-1.8.0-openjdk-amd64/jre/lib/rt.jar!/" type="simple" />
          </root>
        </classPath>
        <javadocPath>
          <root type="composite">
            <root url="file:///usr/lib/jvm/java-1.8.0-openjdk-amd64/docs/api" type="simple" />
          </root>
        </javadocPath>
        <sourcePath>
          <root type="composite">
            <root url="jar:///usr/lib/jvm/java-1.8.0-openjdk-amd64/src.zip!/" type="simple" />
          </root>
        </sourcePath>
      </roots>
      <additional />
    </jdk>
    <jdk version="2">
      <name value="Android Studio default JDK" />
      <type value="JavaSDK" />
      <version value="version 11.0.13" />
      <homePath value="$APPLICATION_HOME_DIR$/jre" />
      <roots>
        <annotationsPath>
          <root type="composite">
            <root url="jar://$APPLICATION_HOME_DIR$/plugins/java/lib/jdkAnnotations.jar!/" type="simple" />
          </root>
        </annotationsPath>
        <classPath>
          <root type="composite">
            <root url="jrt:///media/xian/data_old1/tools/linux/android-studio/jre!/java.base" type="simple" />
            <root url="jrt:///media/xian/data_old1/tools/linux/android-studio/jre!/java.compiler" type="simple" />
            <root url="jrt:///media/xian/data_old1/tools/linux/android-studio/jre!/java.datatransfer" type="simple" />
            <root url="jrt:///media/xian/data_old1/tools/linux/android-studio/jre!/java.desktop" type="simple" />
            <root url="jrt:///media/xian/data_old1/tools/linux/android-studio/jre!/java.instrument" type="simple" />
            <root url="jrt:///media/xian/data_old1/tools/linux/android-studio/jre!/java.logging" type="simple" />
            <root url="jrt:///media/xian/data_old1/tools/linux/android-studio/jre!/java.management" type="simple" />
            <root url="jrt:///media/xian/data_old1/tools/linux/android-studio/jre!/java.management.rmi" type="simple" />
            <root url="jrt:///media/xian/data_old1/tools/linux/android-studio/jre!/java.naming" type="simple" />
            <root url="jrt:///media/xian/data_old1/tools/linux/android-studio/jre!/java.net.http" type="simple" />
            <root url="jrt:///media/xian/data_old1/tools/linux/android-studio/jre!/java.prefs" type="simple" />
            <root url="jrt:///media/xian/data_old1/tools/linux/android-studio/jre!/java.rmi" type="simple" />
            <root url="jrt:///media/xian/data_old1/tools/linux/android-studio/jre!/java.scripting" type="simple" />
            <root url="jrt:///media/xian/data_old1/tools/linux/android-studio/jre!/java.se" type="simple" />
            <root url="jrt:///media/xian/data_old1/tools/linux/android-studio/jre!/java.security.jgss" type="simple" />
            <root url="jrt:///media/xian/data_old1/tools/linux/android-studio/jre!/java.security.sasl" type="simple" />
            <root url="jrt:///media/xian/data_old1/tools/linux/android-studio/jre!/java.smartcardio" type="simple" />
            <root url="jrt:///media/xian/data_old1/tools/linux/android-studio/jre!/java.sql" type="simple" />
            <root url="jrt:///media/xian/data_old1/tools/linux/android-studio/jre!/java.sql.rowset" type="simple" />
            <root url="jrt:///media/xian/data_old1/tools/linux/android-studio/jre!/java.transaction.xa" type="simple" />
            <root url="jrt:///media/xian/data_old1/tools/linux/android-studio/jre!/java.xml" type="simple" />
            <root url="jrt:///media/xian/data_old1/tools/linux/android-studio/jre!/java.xml.crypto" type="simple" />
            <root url="jrt:///media/xian/data_old1/tools/linux/android-studio/jre!/jdk.accessibility" type="simple" />
            <root url="jrt:///media/xian/data_old1/tools/linux/android-studio/jre!/jdk.aot" type="simple" />
            <root url="jrt:///media/xian/data_old1/tools/linux/android-studio/jre!/jdk.attach" type="simple" />
            <root url="jrt:///media/xian/data_old1/tools/linux/android-studio/jre!/jdk.charsets" type="simple" />
            <root url="jrt:///media/xian/data_old1/tools/linux/android-studio/jre!/jdk.compiler" type="simple" />
            <root url="jrt:///media/xian/data_old1/tools/linux/android-studio/jre!/jdk.crypto.cryptoki" type="simple" />
            <root url="jrt:///media/xian/data_old1/tools/linux/android-studio/jre!/jdk.crypto.ec" type="simple" />
            <root url="jrt:///media/xian/data_old1/tools/linux/android-studio/jre!/jdk.dynalink" type="simple" />
            <root url="jrt:///media/xian/data_old1/tools/linux/android-studio/jre!/jdk.hotspot.agent" type="simple" />
            <root url="jrt:///media/xian/data_old1/tools/linux/android-studio/jre!/jdk.httpserver" type="simple" />
            <root url="jrt:///media/xian/data_old1/tools/linux/android-studio/jre!/jdk.internal.ed" type="simple" />
            <root url="jrt:///media/xian/data_old1/tools/linux/android-studio/jre!/jdk.internal.jvmstat" type="simple" />
            <root url="jrt:///media/xian/data_old1/tools/linux/android-studio/jre!/jdk.internal.le" type="simple" />
            <root url="jrt:///media/xian/data_old1/tools/linux/android-studio/jre!/jdk.internal.opt" type="simple" />
            <root url="jrt:///media/xian/data_old1/tools/linux/android-studio/jre!/jdk.internal.vm.ci" type="simple" />
            <root url="jrt:///media/xian/data_old1/tools/linux/android-studio/jre!/jdk.internal.vm.compiler" type="simple" />
            <root url="jrt:///media/xian/data_old1/tools/linux/android-studio/jre!/jdk.internal.vm.compiler.management" type="simple" />
            <root url="jrt:///media/xian/data_old1/tools/linux/android-studio/jre!/jdk.jartool" type="simple" />
            <root url="jrt:///media/xian/data_old1/tools/linux/android-studio/jre!/jdk.javadoc" type="simple" />
            <root url="jrt:///media/xian/data_old1/tools/linux/android-studio/jre!/jdk.jdeps" type="simple" />
            <root url="jrt:///media/xian/data_old1/tools/linux/android-studio/jre!/jdk.jdi" type="simple" />
            <root url="jrt:///media/xian/data_old1/tools/linux/android-studio/jre!/jdk.jdwp.agent" type="simple" />
            <root url="jrt:///media/xian/data_old1/tools/linux/android-studio/jre!/jdk.jfr" type="simple" />
            <root url="jrt:///media/xian/data_old1/tools/linux/android-studio/jre!/jdk.jlink" type="simple" />
            <root url="jrt:///media/xian/data_old1/tools/linux/android-studio/jre!/jdk.jsobject" type="simple" />
            <root url="jrt:///media/xian/data_old1/tools/linux/android-studio/jre!/jdk.localedata" type="simple" />
            <root url="jrt:///media/xian/data_old1/tools/linux/android-studio/jre!/jdk.management" type="simple" />
            <root url="jrt:///media/xian/data_old1/tools/linux/android-studio/jre!/jdk.management.agent" type="simple" />
            <root url="jrt:///media/xian/data_old1/tools/linux/android-studio/jre!/jdk.management.jfr" type="simple" />
            <root url="jrt:///media/xian/data_old1/tools/linux/android-studio/jre!/jdk.naming.dns" type="simple" />
            <root url="jrt:///media/xian/data_old1/tools/linux/android-studio/jre!/jdk.naming.rmi" type="simple" />
            <root url="jrt:///media/xian/data_old1/tools/linux/android-studio/jre!/jdk.net" type="simple" />
            <root url="jrt:///media/xian/data_old1/tools/linux/android-studio/jre!/jdk.pack" type="simple" />
            <root url="jrt:///media/xian/data_old1/tools/linux/android-studio/jre!/jdk.scripting.nashorn" type="simple" />
            <root url="jrt:///media/xian/data_old1/tools/linux/android-studio/jre!/jdk.scripting.nashorn.shell" type="simple" />
            <root url="jrt:///media/xian/data_old1/tools/linux/android-studio/jre!/jdk.sctp" type="simple" />
            <root url="jrt:///media/xian/data_old1/tools/linux/android-studio/jre!/jdk.security.auth" type="simple" />
            <root url="jrt:///media/xian/data_old1/tools/linux/android-studio/jre!/jdk.security.jgss" type="simple" />
            <root url="jrt:///media/xian/data_old1/tools/linux/android-studio/jre!/jdk.unsupported" type="simple" />
            <root url="jrt:///media/xian/data_old1/tools/linux/android-studio/jre!/jdk.xml.dom" type="simple" />
            <root url="jrt:///media/xian/data_old1/tools/linux/android-studio/jre!/jdk.zipfs" type="simple" />
          </root>
        </classPath>
        <javadocPath>
          <root type="composite" />
        </javadocPath>
        <sourcePath>
          <root type="composite" />
        </sourcePath>
      </roots>
      <additional />
    </jdk>
    <jdk version="2">
      <name value="Android API 22 Platform" />
      <type value="Android SDK" />
      <version value="version 11.0.13" />
      <homePath value="/media/code_build_tools/tools/android_sdk" />
      <roots>
        <annotationsPath>
          <root type="composite">
            <root url="jar://$APPLICATION_HOME_DIR$/plugins/android/resources/androidAnnotations.jar!/" type="simple" />
          </root>
        </annotationsPath>
        <classPath>
          <root type="composite">
            <root url="jar:///media/code_build_tools/tools/android_sdk/platforms/android-22/android.jar!/" type="simple" />
            <root url="file:///media/code_build_tools/tools/android_sdk/platforms/android-22/data/res" type="simple" />
          </root>
        </classPath>
        <javadocPath>
          <root type="composite" />
        </javadocPath>
        <sourcePath>
          <root type="composite">
            <root url="file:///media/code_build_tools/tools/android_sdk/sources/android-22" type="simple" />
          </root>
        </sourcePath>
      </roots>
      <additional jdk="11" sdk="android-22" />
    </jdk>
    <jdk version="2">
      <name value="Android API 23 Platform" />
      <type value="Android SDK" />
      <version value="version 11.0.13" />
      <homePath value="/media/code_build_tools/tools/android_sdk" />
      <roots>
        <annotationsPath>
          <root type="composite">
            <root url="jar://$APPLICATION_HOME_DIR$/plugins/android/resources/androidAnnotations.jar!/" type="simple" />
          </root>
        </annotationsPath>
        <classPath>
          <root type="composite">
            <root url="jar:///media/code_build_tools/tools/android_sdk/platforms/android-23/android.jar!/" type="simple" />
            <root url="file:///media/code_build_tools/tools/android_sdk/platforms/android-23/data/res" type="simple" />
          </root>
        </classPath>
        <javadocPath>
          <root type="composite" />
        </javadocPath>
        <sourcePath>
          <root type="composite">
            <root url="file:///media/code_build_tools/tools/android_sdk/sources/android-23" type="simple" />
          </root>
        </sourcePath>
      </roots>
      <additional jdk="11" sdk="android-23" />
    </jdk>
    <jdk version="2">
      <name value="Android API 24 Platform" />
      <type value="Android SDK" />
      <version value="version 11.0.13" />
      <homePath value="/media/code_build_tools/tools/android_sdk" />
      <roots>
        <annotationsPath>
          <root type="composite">
            <root url="jar://$APPLICATION_HOME_DIR$/plugins/android/resources/androidAnnotations.jar!/" type="simple" />
          </root>
        </annotationsPath>
        <classPath>
          <root type="composite">
            <root url="jar:///media/code_build_tools/tools/android_sdk/platforms/android-24/android.jar!/" type="simple" />
            <root url="file:///media/code_build_tools/tools/android_sdk/platforms/android-24/data/res" type="simple" />
          </root>
        </classPath>
        <javadocPath>
          <root type="composite" />
        </javadocPath>
        <sourcePath>
          <root type="composite">
            <root url="file:///media/code_build_tools/tools/android_sdk/sources/android-24" type="simple" />
          </root>
        </sourcePath>
      </roots>
      <additional jdk="11" sdk="android-24" />
    </jdk>
    <jdk version="2">
      <name value="Android API 25 Platform" />
      <type value="Android SDK" />
      <version value="version 11.0.13" />
      <homePath value="/media/code_build_tools/tools/android_sdk" />
      <roots>
        <annotationsPath>
          <root type="composite">
            <root url="jar://$APPLICATION_HOME_DIR$/plugins/android/resources/androidAnnotations.jar!/" type="simple" />
          </root>
        </annotationsPath>
        <classPath>
          <root type="composite">
            <root url="jar:///media/code_build_tools/tools/android_sdk/platforms/android-25/android.jar!/" type="simple" />
            <root url="file:///media/code_build_tools/tools/android_sdk/platforms/android-25/data/res" type="simple" />
          </root>
        </classPath>
        <javadocPath>
          <root type="composite" />
        </javadocPath>
        <sourcePath>
          <root type="composite">
            <root url="file:///media/code_build_tools/tools/android_sdk/sources/android-25" type="simple" />
          </root>
        </sourcePath>
      </roots>
      <additional jdk="11" sdk="android-25" />
    </jdk>
    <jdk version="2">
      <name value="Android API 27 Platform" />
      <type value="Android SDK" />
      <version value="version 11.0.13" />
      <homePath value="/media/code_build_tools/tools/android_sdk" />
      <roots>
        <annotationsPath>
          <root type="composite">
            <root url="jar://$APPLICATION_HOME_DIR$/plugins/android/resources/androidAnnotations.jar!/" type="simple" />
          </root>
        </annotationsPath>
        <classPath>
          <root type="composite">
            <root url="jar:///media/code_build_tools/tools/android_sdk/platforms/android-27/android.jar!/" type="simple" />
            <root url="file:///media/code_build_tools/tools/android_sdk/platforms/android-27/data/res" type="simple" />
          </root>
        </classPath>
        <javadocPath>
          <root type="composite" />
        </javadocPath>
        <sourcePath>
          <root type="composite">
            <root url="file:///media/code_build_tools/tools/android_sdk/sources/android-27" type="simple" />
          </root>
        </sourcePath>
      </roots>
      <additional jdk="11" sdk="android-27" />
    </jdk>
    <jdk version="2">
      <name value="Android API 30 Platform" />
      <type value="Android SDK" />
      <version value="version 11.0.13" />
      <homePath value="/media/code_build_tools/tools/android_sdk" />
      <roots>
        <annotationsPath>
          <root type="composite">
            <root url="jar:///media/code_build_tools/tools/android_sdk/platforms/android-30/data/annotations.zip!/" type="simple" />
          </root>
        </annotationsPath>
        <classPath>
          <root type="composite">
            <root url="jar:///media/code_build_tools/tools/android_sdk/platforms/android-30/android.jar!/" type="simple" />
            <root url="file:///media/code_build_tools/tools/android_sdk/platforms/android-30/data/res" type="simple" />
          </root>
        </classPath>
        <javadocPath>
          <root type="composite" />
        </javadocPath>
        <sourcePath>
          <root type="composite">
            <root url="file:///media/code_build_tools/tools/android_sdk/sources/android-30" type="simple" />
          </root>
        </sourcePath>
      </roots>
      <additional jdk="11" sdk="android-30" />
    </jdk>
    <jdk version="2">
      <name value="Android API 33, extension level 3 Platform" />
      <type value="Android SDK" />
      <version value="version 11.0.13" />
      <homePath value="/media/code_build_tools/tools/android_sdk" />
      <roots>
        <annotationsPath>
          <root type="composite">
            <root url="jar:///media/code_build_tools/tools/android_sdk/platforms/android-33/data/annotations.zip!/" type="simple" />
          </root>
        </annotationsPath>
        <classPath>
          <root type="composite">
            <root url="jar:///media/code_build_tools/tools/android_sdk/platforms/android-33/android.jar!/" type="simple" />
            <root url="file:///media/code_build_tools/tools/android_sdk/platforms/android-33/data/res" type="simple" />
          </root>
        </classPath>
        <javadocPath>
          <root type="composite" />
        </javadocPath>
        <sourcePath>
          <root type="composite">
            <root url="file:///media/code_build_tools/tools/android_sdk/sources/android-33" type="simple" />
          </root>
        </sourcePath>
      </roots>
      <additional jdk="11" sdk="android-33" />
    </jdk>
    <jdk version="2">
      <name value="Android API 31 Platform" />
      <type value="Android SDK" />
      <version value="version 11.0.13" />
      <homePath value="/media/code_build_tools/tools/android_sdk" />
      <roots>
        <annotationsPath>
          <root type="composite">
            <root url="jar:///media/code_build_tools/tools/android_sdk/platforms/android-31/data/annotations.zip!/" type="simple" />
          </root>
        </annotationsPath>
        <classPath>
          <root type="composite">
            <root url="jar:///media/code_build_tools/tools/android_sdk/platforms/android-31/android.jar!/" type="simple" />
            <root url="file:///media/code_build_tools/tools/android_sdk/platforms/android-31/data/res" type="simple" />
          </root>
        </classPath>
        <javadocPath>
          <root type="composite">
            <root url="http://developer.android.com/reference/" type="simple" />
          </root>
        </javadocPath>
        <sourcePath>
          <root type="composite">
            <root url="file:///media/code_build_tools/tools/android_sdk/sources/android-31" type="simple" />
          </root>
        </sourcePath>
      </roots>
      <additional jdk="Android Studio default JDK" sdk="android-31" />
    </jdk>
    <jdk version="2">
      <name value="Android Studio java home" />
      <type value="JavaSDK" />
      <version value="version 1.8.0_292" />
      <homePath value="/usr/lib/jvm/java-8-openjdk-amd64" />
      <roots>
        <annotationsPath>
          <root type="composite">
            <root url="jar://$APPLICATION_HOME_DIR$/plugins/java/lib/jdkAnnotations.jar!/" type="simple" />
          </root>
        </annotationsPath>
        <classPath>
          <root type="composite">
            <root url="jar:///usr/lib/jvm/java-8-openjdk-amd64/lib/dt.jar!/" type="simple" />
            <root url="jar:///usr/lib/jvm/java-8-openjdk-amd64/lib/jconsole.jar!/" type="simple" />
            <root url="jar:///usr/lib/jvm/java-8-openjdk-amd64/lib/sa-jdi.jar!/" type="simple" />
            <root url="jar:///usr/lib/jvm/java-8-openjdk-amd64/lib/tools.jar!/" type="simple" />
          </root>
        </classPath>
        <javadocPath>
          <root type="composite">
            <root url="file:///usr/lib/jvm/java-8-openjdk-amd64/docs/api" type="simple" />
          </root>
        </javadocPath>
        <sourcePath>
          <root type="composite">
            <root url="jar:///usr/lib/jvm/java-8-openjdk-amd64/src.zip!/" type="simple" />
          </root>
        </sourcePath>
      </roots>
      <additional />
    </jdk>
    <jdk version="2">
      <name value="Android API 28 Platform" />
      <type value="Android SDK" />
      <version value="version 11.0.13" />
      <homePath value="/media/code_build_tools/tools/android_sdk" />
      <roots>
        <annotationsPath>
          <root type="composite">
            <root url="jar:///media/code_build_tools/tools/android_sdk/platforms/android-28/data/annotations.zip!/" type="simple" />
          </root>
        </annotationsPath>
        <classPath>
          <root type="composite">
            <root url="jar:///media/code_build_tools/tools/android_sdk/platforms/android-28/android.jar!/" type="simple" />
            <root url="file:///media/code_build_tools/tools/android_sdk/platforms/android-28/data/res" type="simple" />
          </root>
        </classPath>
        <javadocPath>
          <root type="composite">
            <root url="http://developer.android.com/reference/" type="simple" />
          </root>
        </javadocPath>
        <sourcePath>
          <root type="composite">
            <root url="file:///media/code_build_tools/tools/android_sdk/sources/android-28" type="simple" />
          </root>
        </sourcePath>
      </roots>
      <additional jdk="Android Studio default JDK" sdk="android-28" />
    </jdk>
    <jdk version="2">
      <name value="Android API 29 Platform" />
      <type value="Android SDK" />
      <version value="version 11.0.13" />
      <homePath value="/media/code_build_tools/tools/android_sdk" />
      <roots>
        <annotationsPath>
          <root type="composite">
            <root url="jar:///media/code_build_tools/tools/android_sdk/platforms/android-29/data/annotations.zip!/" type="simple" />
          </root>
        </annotationsPath>
        <classPath>
          <root type="composite">
            <root url="jar:///media/code_build_tools/tools/android_sdk/platforms/android-29/android.jar!/" type="simple" />
            <root url="file:///media/code_build_tools/tools/android_sdk/platforms/android-29/data/res" type="simple" />
          </root>
        </classPath>
        <javadocPath>
          <root type="composite" />
        </javadocPath>
        <sourcePath>
          <root type="composite">
            <root url="file:///media/code_build_tools/tools/android_sdk/sources/android-29" type="simple" />
          </root>
        </sourcePath>
      </roots>
      <additional jdk="Android Studio default JDK" sdk="android-29" />
    </jdk>
    <jdk version="2">
      <name value="Android API 32 Platform" />
      <type value="Android SDK" />
      <version value="version 11.0.13" />
      <homePath value="/media/code_build_tools/tools/android_sdk" />
      <roots>
        <annotationsPath>
          <root type="composite">
            <root url="jar:///media/code_build_tools/tools/android_sdk/platforms/android-32/data/annotations.zip!/" type="simple" />
          </root>
        </annotationsPath>
        <classPath>
          <root type="composite">
            <root url="jar:///media/code_build_tools/tools/android_sdk/platforms/android-32/android.jar!/" type="simple" />
            <root url="file:///media/code_build_tools/tools/android_sdk/platforms/android-32/data/res" type="simple" />
          </root>
        </classPath>
        <javadocPath>
          <root type="composite">
            <root url="http://developer.android.com/reference/" type="simple" />
          </root>
        </javadocPath>
        <sourcePath>
          <root type="composite" />
        </sourcePath>
      </roots>
      <additional jdk="Android Studio default JDK" sdk="android-32" />
    </jdk>
    <jdk version="2">
      <name value="1.8 (No Libraries)" />
      <type value="JavaSDK" />
      <version value="java version &quot;1.8.0_292&quot;" />
      <homePath value="/usr/lib/jvm/java-8-openjdk-amd64" />
      <roots>
        <annotationsPath>
          <root type="composite">
            <root url="jar://$APPLICATION_HOME_DIR$/plugins/java/lib/jdkAnnotations.jar!/" type="simple" />
          </root>
        </annotationsPath>
        <classPath>
          <root type="composite">
            <root url="jar:///usr/lib/jvm/java-8-openjdk-amd64/jre/lib/charsets.jar!/" type="simple" />
            <root url="jar:///usr/lib/jvm/java-8-openjdk-amd64/jre/lib/ext/cldrdata.jar!/" type="simple" />
            <root url="jar:///usr/lib/jvm/java-8-openjdk-amd64/jre/lib/ext/dnsns.jar!/" type="simple" />
            <root url="jar:///usr/lib/jvm/java-8-openjdk-amd64/jre/lib/ext/icedtea-sound.jar!/" type="simple" />
            <root url="jar:///usr/lib/jvm/java-8-openjdk-amd64/jre/lib/ext/jaccess.jar!/" type="simple" />
            <root url="jar:///usr/lib/jvm/java-8-openjdk-amd64/jre/lib/ext/java-atk-wrapper.jar!/" type="simple" />
            <root url="jar:///usr/lib/jvm/java-8-openjdk-amd64/jre/lib/ext/localedata.jar!/" type="simple" />
            <root url="jar:///usr/lib/jvm/java-8-openjdk-amd64/jre/lib/ext/nashorn.jar!/" type="simple" />
            <root url="jar:///usr/lib/jvm/java-8-openjdk-amd64/jre/lib/ext/sunec.jar!/" type="simple" />
            <root url="jar:///usr/lib/jvm/java-8-openjdk-amd64/jre/lib/ext/sunjce_provider.jar!/" type="simple" />
            <root url="jar:///usr/lib/jvm/java-8-openjdk-amd64/jre/lib/ext/sunpkcs11.jar!/" type="simple" />
            <root url="jar:///usr/lib/jvm/java-8-openjdk-amd64/jre/lib/ext/zipfs.jar!/" type="simple" />
            <root url="jar:///usr/lib/jvm/java-8-openjdk-amd64/jre/lib/jce.jar!/" type="simple" />
            <root url="jar:///usr/lib/jvm/java-8-openjdk-amd64/jre/lib/jfr.jar!/" type="simple" />
            <root url="jar:///usr/lib/jvm/java-8-openjdk-amd64/jre/lib/jsse.jar!/" type="simple" />
            <root url="jar:///usr/lib/jvm/java-8-openjdk-amd64/jre/lib/management-agent.jar!/" type="simple" />
            <root url="jar:///usr/lib/jvm/java-8-openjdk-amd64/jre/lib/resources.jar!/" type="simple" />
            <root url="jar:///usr/lib/jvm/java-8-openjdk-amd64/jre/lib/rt.jar!/" type="simple" />
          </root>
        </classPath>
        <javadocPath>
          <root type="composite">
            <root url="file:///usr/lib/jvm/java-8-openjdk-amd64/docs/api" type="simple" />
          </root>
        </javadocPath>
        <sourcePath>
          <root type="composite">
            <root url="jar:///usr/lib/jvm/java-8-openjdk-amd64/src.zip!/" type="simple" />
          </root>
        </sourcePath>
      </roots>
      <additional />
    </jdk>
  </component>
</application>