<keymap version="1" name="XWin copy" parent="Default for XWin">
  <action id="FixDocComment">
    <keyboard-shortcut first-keystroke="shift alt z" />
  </action>
  <action id="OptimizeImports">
    <keyboard-shortcut first-keystroke="ctrl alt o" />
    <keyboard-shortcut first-keystroke="shift alt w" />
  </action>
  <action id="ReformatCode">
    <keyboard-shortcut first-keystroke="shift alt q" />
  </action>
  <action id="UpdateRunningApplication" />
  <action id="android.deploy.ApplyChanges">
    <keyboard-shortcut first-keystroke="ctrl f10" />
  </action>
  <action id="android.deploy.CodeSwap">
    <keyboard-shortcut first-keystroke="ctrl alt f10" />
  </action>
  <action id="com.github.setial.intellijjavadocs.action.JavaDocRemoveActionOnEditor" />
  <action id="tasks.close" />
</keymap>